,attribute_id,attribute_name,attribute_type,attribute_word,frequency
813,813,tag::men,tag,men,19970
1092,1092,tag::women,tag,women,14281
147,147,culture::french,culture,french,13522
189,189,culture::italian,culture,italian,10375
13,13,culture::american,culture,american,9151
671,671,tag::flowers,tag,flowers,8419
51,51,culture::british,culture,british,7615
194,194,culture::japan,culture,japan,7394
1059,1059,tag::utilitarian objects,tag,utilitarian objects,6564
121,121,culture::egyptian,culture,egyptian,6542
896,896,tag::portraits,tag,portraits,5955
1046,1046,tag::trees,tag,trees,5591
79,79,culture::china,culture,china,5382
780,780,tag::leaves,tag,leaves,5259
156,156,culture::german,culture,german,5163
369,369,culture::turkish or venice,culture,turkish or venice,4416
744,744,tag::inscriptions,tag,inscriptions,3890
477,477,tag::birds,tag,birds,3692
738,738,tag::human figures,tag,human figures,3665
1034,1034,tag::textile fragments,tag,textile fragments,3570
188,188,culture::islamic,culture,islamic,3500
835,835,tag::mythical creatures,tag,mythical creatures,3005
903,903,tag::profiles,tag,profiles,2552
420,420,tag::animals,tag,animals,2548
1099,1099,tag::writing systems,tag,writing systems,2327
552,552,tag::clothing and accessories,tag,clothing and accessories,2180
485,485,tag::books,tag,books,2097
776,776,tag::landscapes,tag,landscapes,2075
161,161,culture::greek,culture,greek,2050
489,489,tag::bowls,tag,bowls,2045
1039,1039,tag::tools and equipment,tag,tools and equipment,2001
733,733,tag::horse riding,tag,horse riding,1895
304,304,culture::roman,culture,roman,1881
612,612,tag::dishes,tag,dishes,1789
111,111,culture::dutch,culture,dutch,1762
962,962,tag::seals,tag,seals,1744
487,487,tag::bottles,tag,bottles,1685
501,501,tag::buildings,tag,buildings,1667
1062,1062,tag::vases,tag,vases,1540
961,961,tag::sculpture,tag,sculpture,1526
541,541,tag::christ,tag,christ,1492
734,734,tag::horses,tag,horses,1480
483,483,tag::bodies of water,tag,bodies of water,1472
405,405,tag::actresses,tag,actresses,1457
737,737,tag::houses,tag,houses,1446
597,597,tag::decorative elements,tag,decorative elements,1428
480,480,tag::boats,tag,boats,1414
335,335,culture::spanish,culture,spanish,1403
718,718,tag::heads,tag,heads,1397
554,554,tag::coat of arms,tag,coat of arms,1390
99,99,culture::cypriot,culture,cypriot,1327
259,259,culture::netherlandish,culture,netherlandish,1302
663,663,tag::female nudes,tag,female nudes,1286
584,584,tag::cups,tag,cups,1283
616,616,tag::dogs,tag,dogs,1278
418,418,tag::angels,tag,angels,1260
434,434,tag::architecture,tag,architecture,1213
768,768,tag::lace,tag,lace,1200
833,833,tag::musical instruments,tag,musical instruments,1138
724,724,tag::hieroglyphs,tag,hieroglyphs,1083
993,993,tag::soldiers,tag,soldiers,1073
949,949,tag::saints,tag,saints,1053
626,626,tag::dresses,tag,dresses,1050
784,784,tag::lions,tag,lions,1016
1020,1020,tag::swords,tag,swords,977
698,698,tag::girls,tag,girls,965
1084,1084,tag::weapons,tag,weapons,961
492,492,tag::boys,tag,boys,959
830,830,tag::mountains,tag,mountains,957
872,872,tag::pendants,tag,pendants,956
754,754,tag::jewelry,tag,jewelry,921
800,800,tag::male nudes,tag,male nudes,902
538,538,tag::children,tag,children,901
433,433,tag::architectural fragments,tag,architectural fragments,888
542,542,tag::christian imagery,tag,christian imagery,866
464,464,tag::beads,tag,beads,859
212,212,culture::london,culture,london,838
70,70,culture::central european,culture,central european,831
1072,1072,tag::virgin mary,tag,virgin mary,816
283,283,culture::paris,culture,paris,810
615,615,tag::documents,tag,documents,810
131,131,culture::flemish,culture,flemish,787
1035,1035,tag::textiles,tag,textiles,775
650,650,tag::faces,tag,faces,773
498,498,tag::buddhism,tag,buddhism,766
639,639,tag::embroidery,tag,embroidery,750
579,579,tag::cross,tag,cross,745
1061,1061,tag::vase fragments,tag,vase fragments,744
955,955,tag::scarabs,tag,scarabs,682
25,25,culture::attic,culture,attic,676
404,404,tag::actors,tag,actors,676
559,559,tag::columns,tag,columns,672
796,796,tag::madonna and child,tag,madonna and child,637
430,430,tag::arches,tag,arches,636
655,655,tag::fans,tag,fans,630
975,975,tag::ships,tag,ships,627
519,519,tag::carriages,tag,carriages,622
1093,1093,tag::working,tag,working,622
624,624,tag::dragons,tag,dragons,613
670,670,tag::flags,tag,flags,600
231,231,culture::mexican,culture,mexican,595
180,180,culture::india,culture,india,593
858,858,tag::ornament,tag,ornament,593
716,716,tag::hats,tag,hats,583
436,436,tag::armors,tag,armors,582
758,758,tag::jugs,tag,jugs,582
182,182,culture::indonesia,culture,indonesia,580
668,668,tag::fish,tag,fish,570
950,950,tag::samples,tag,samples,568
764,764,tag::kings,tag,kings,566
415,415,tag::amulets,tag,amulets,565
494,494,tag::bridges,tag,bridges,564
746,746,tag::insignia,tag,insignia,560
580,580,tag::crowd,tag,crowd,555
634,634,tag::earrings,tag,earrings,551
184,184,culture::iran,culture,iran,545
886,886,tag::plants,tag,plants,543
532,532,tag::chairs,tag,chairs,540
29,29,culture::austrian,culture,austrian,530
378,378,culture::venice,culture,venice,523
923,923,tag::rivers,tag,rivers,518
45,45,culture::bohemian,culture,bohemian,515
742,742,tag::infants,tag,infants,515
844,844,tag::netsuke,tag,netsuke,504
127,127,culture::european,culture,european,499
125,125,culture::etruscan,culture,etruscan,494
922,922,tag::rings,tag,rings,493
1098,1098,tag::writing implements,tag,writing implements,487
543,543,tag::christianity,tag,christianity,481
598,598,tag::deer,tag,deer,480
931,931,tag::ruins,tag,ruins,477
313,313,culture::sasanian,culture,sasanian,467
704,704,tag::gods,tag,gods,462
753,753,tag::jesus,tag,jesus,461
1023,1023,tag::tablets,tag,tablets,454
747,747,tag::interiors,tag,interiors,453
586,586,tag::cutlery,tag,cutlery,446
603,603,tag::design elements,tag,design elements,440
720,720,tag::helmets,tag,helmets,433
583,583,tag::cupid,tag,cupid,427
774,774,tag::lamps,tag,lamps,422
952,952,tag::satire,tag,satire,422
953,953,tag::satyrs,tag,satyrs,413
14,14,culture::american or european,culture,american or european,408
227,227,culture::meissen,culture,meissen,403
682,682,tag::fruit,tag,fruit,399
821,821,tag::mirrors,tag,mirrors,393
339,339,culture::staffordshire,culture,staffordshire,388
582,582,tag::cuneiform,tag,cuneiform,387
974,974,tag::shields,tag,shields,382
428,428,tag::arabic,tag,arabic,373
1022,1022,tag::tables,tag,tables,371
703,703,tag::goddess,tag,goddess,369
954,954,tag::saucers,tag,saucers,369
308,308,culture::russian,culture,russian,368
239,239,culture::moche,culture,moche,362
684,684,tag::funerary objects,tag,funerary objects,358
465,465,tag::beakers,tag,beakers,357
809,809,tag::masks,tag,masks,355
520,520,tag::cartouches,tag,cartouches,354
462,462,tag::battles,tag,battles,338
573,573,tag::cows,tag,cows,332
581,581,tag::crucifixion,tag,crucifixion,332
558,558,tag::coins,tag,coins,329
940,940,tag::saint john the baptist,tag,saint john the baptist,329
348,348,culture::swiss,culture,swiss,328
545,545,tag::churches,tag,churches,327
592,592,tag::dancing,tag,dancing,327
438,438,tag::arrowheads,tag,arrowheads,323
725,725,tag::hills,tag,hills,322
322,322,culture::sevres,culture,sevres,317
925,925,tag::robes,tag,robes,312
633,633,tag::eagles,tag,eagles,303
1019,1019,tag::sword guards,tag,sword guards,303
497,497,tag::buddha,tag,buddha,302
493,493,tag::bracelets,tag,bracelets,298
665,665,tag::firearms,tag,firearms,297
595,595,tag::death,tag,death,296
506,506,tag::butterflies,tag,butterflies,295
331,331,culture::south italian,culture,south italian,293
33,33,culture::babylonian,culture,babylonian,292
916,916,tag::reading,tag,reading,290
587,587,tag::daggers,tag,daggers,289
745,745,tag::insects,tag,insects,286
503,503,tag::bulls,tag,bulls,284
236,236,culture::minoan,culture,minoan,281
515,515,tag::candlesticks,tag,candlesticks,273
1032,1032,tag::temples,tag,temples,273
568,568,tag::costumes,tag,costumes,270
202,202,culture::korea,culture,korea,269
803,803,tag::manuscripts,tag,manuscripts,269
647,647,tag::ewers,tag,ewers,266
766,766,tag::knives,tag,knives,265
517,517,tag::capitals,tag,capitals,263
783,783,tag::lighting,tag,lighting,262
991,991,tag::snakes,tag,snakes,262
978,978,tag::shoes,tag,shoes,258
691,691,tag::garlands,tag,garlands,257
707,707,tag::greek figures,tag,greek figures,257
553,553,tag::clouds,tag,clouds,256
726,726,tag::hilts,tag,hilts,256
133,133,culture::florence,culture,florence,254
432,432,tag::architectural elements,tag,architectural elements,254
490,490,tag::boxes,tag,boxes,254
488,488,tag::bow and arrow,tag,bow and arrow,253
994,994,tag::spears,tag,spears,253
1030,1030,tag::teapots,tag,teapots,251
1089,1089,tag::windows,tag,windows,251
23,23,culture::assyrian,culture,assyrian,244
534,534,tag::chariots,tag,chariots,244
524,524,tag::cats,tag,cats,243
58,58,culture::byzantine,culture,byzantine,240
607,607,tag::diamonds,tag,diamonds,240
840,840,tag::necklaces,tag,necklaces,239
637,637,tag::elephants,tag,elephants,236
1064,1064,tag::venus,tag,venus,236
786,786,tag::liturgical objects,tag,liturgical objects,234
282,282,culture::paracas,culture,paracas,233
819,819,tag::military equipment,tag,military equipment,233
690,690,tag::gardens,tag,gardens,230
728,728,tag::hinduism,tag,hinduism,229
1085,1085,tag::weights and measures,tag,weights and measures,228
884,884,tag::pins,tag,pins,227
450,450,tag::badges,tag,badges,226
834,834,tag::musicians,tag,musicians,225
822,822,tag::monkeys,tag,monkeys,224
908,908,tag::putti,tag,putti,223
482,482,tag::bodhisattva,tag,bodhisattva,221
713,713,tag::hands,tag,hands,221
1045,1045,tag::trays,tag,trays,220
332,332,culture::south netherlandish,culture,south netherlandish,219
445,445,tag::athletes,tag,athletes,219
695,695,tag::geometric patterns,tag,geometric patterns,219
756,756,tag::journals,tag,journals,218
563,563,tag::coptic,tag,coptic,216
971,971,tag::sheep,tag,sheep,216
864,864,tag::palmettes,tag,palmettes,215
354,354,culture::thailand,culture,thailand,210
721,721,tag::hercules,tag,hercules,208
252,252,culture::naples,culture,naples,207
1012,1012,tag::suffering,tag,suffering,207
890,890,tag::poetry,tag,poetry,206
518,518,tag::carpets and rugs,tag,carpets and rugs,205
570,570,tag::couples,tag,couples,205
739,739,tag::hunting,tag,hunting,205
701,701,tag::goats,tag,goats,204
889,889,tag::pocket watches,tag,pocket watches,204
672,672,tag::flutes,tag,flutes,203
705,705,tag::grapes,tag,grapes,202
929,929,tag::roses,tag,roses,200
678,678,tag::fountains,tag,fountains,196
1056,1056,tag::undergarment,tag,undergarment,195
832,832,tag::music,tag,music,194
1009,1009,tag::streets,tag,streets,193
983,983,tag::skeletons,tag,skeletons,188
495,495,tag::brooches,tag,brooches,186
628,628,tag::drinking glasses,tag,drinking glasses,186
548,548,tag::cities,tag,cities,185
927,927,tag::roosters,tag,roosters,184
811,811,tag::medallions,tag,medallions,182
555,555,tag::coats,tag,coats,181
963,963,tag::seas,tag,seas,181
1038,1038,tag::tombs,tag,tombs,180
870,870,tag::peacocks,tag,peacocks,179
910,910,tag::queens,tag,queens,179
26,26,culture::augsburg,culture,augsburg,177
631,631,tag::ducks,tag,ducks,177
675,675,tag::footwear,tag,footwear,176
988,988,tag::sleep,tag,sleep,174
992,992,tag::snow,tag,snow,173
620,620,tag::donkeys,tag,donkeys,170
924,924,tag::roads,tag,roads,170
426,426,tag::apostles,tag,apostles,169
688,688,tag::games,tag,games,167
871,871,tag::pediments,tag,pediments,167
621,621,tag::doors,tag,doors,165
1040,1040,tag::towers,tag,towers,162
638,638,tag::emblems,tag,emblems,160
731,731,tag::holy family,tag,holy family,160
1001,1001,tag::stairs,tag,stairs,160
973,973,tag::shepherds,tag,shepherds,159
1097,1097,tag::writing,tag,writing,158
306,306,culture::rome,culture,rome,157
692,692,tag::gates,tag,gates,156
989,989,tag::smoking,tag,smoking,156
849,849,tag::nymphs,tag,nymphs,155
522,522,tag::castles,tag,castles,153
826,826,tag::moon,tag,moon,153
280,280,culture::pakistan,culture,pakistan,152
551,551,tag::clocks,tag,clocks,150
627,627,tag::drinking,tag,drinking,150
676,676,tag::forests,tag,forests,150
383,383,culture::vienna,culture,vienna,148
972,972,tag::shells,tag,shells,148
996,996,tag::sphinx,tag,sphinx,148
791,791,tag::lotuses,tag,lotuses,147
912,912,tag::rabbits,tag,rabbits,147
932,932,tag::sadness,tag,sadness,147
78,78,culture::chimu,culture,chimu,146
591,591,tag::dancers,tag,dancers,146
863,863,tag::palaces,tag,palaces,144
1069,1069,tag::vines,tag,vines,143
1081,1081,tag::waterfalls,tag,waterfalls,143
425,425,tag::apollo,tag,apollo,142
41,41,culture::belgian,culture,belgian,141
888,888,tag::playing cards,tag,playing cards,141
448,448,tag::axes,tag,axes,140
887,887,tag::playing,tag,playing,139
508,508,tag::cabinets,tag,cabinets,137
985,985,tag::skulls,tag,skulls,137
1033,1033,tag::tents,tag,tents,137
1096,1096,tag::wreaths,tag,wreaths,137
576,576,tag::cranes,tag,cranes,135
76,76,culture::chelsea,culture,chelsea,133
680,680,tag::friezes,tag,friezes,133
496,496,tag::buckles,tag,buckles,131
825,825,tag::monuments,tag,monuments,130
829,829,tag::mothers,tag,mothers,130
915,915,tag::rams,tag,rams,129
741,741,tag::incense burners,tag,incense burners,128
116,116,culture::eastern mediterranean,culture,eastern mediterranean,127
511,511,tag::cameos,tag,cameos,127
1058,1058,tag::urns,tag,urns,126
600,600,tag::demons,tag,demons,124
629,629,tag::drums,tag,drums,124
732,732,tag::horns,tag,horns,124
1037,1037,tag::tigers,tag,tigers,124
507,507,tag::buttons,tag,buttons,123
666,666,tag::fireplaces,tag,fireplaces,123
18,18,culture::apulian,culture,apulian,121
535,535,tag::chess,tag,chess,121
669,669,tag::fishing,tag,fishing,120
708,708,tag::griffins,tag,griffins,120
999,999,tag::squares,tag,squares,120
1068,1068,tag::villages,tag,villages,120
35,35,culture::bactria-margiana archaeological complex,culture,bactria-margiana archaeological complex,119
622,622,tag::doorways,tag,doorways,119
749,749,tag::jackets,tag,jackets,119
948,948,tag::saint peter,tag,saint peter,119
179,179,culture::inca,culture,inca,118
359,359,culture::tibet,culture,tibet,118
393,393,culture::worcester,culture,worcester,118
619,619,tag::domes,tag,domes,118
510,510,tag::camels,tag,camels,117
204,204,culture::laconian,culture,laconian,116
413,413,tag::altars,tag,altars,115
654,654,tag::family,tag,family,115
217,217,culture::lydian,culture,lydian,114
454,454,tag::bamboo,tag,bamboo,114
566,566,tag::correspondence,tag,correspondence,114
709,709,tag::grotesques,tag,grotesques,114
1083,1083,tag::waves,tag,waves,114
794,794,tag::lovers,tag,lovers,113
947,947,tag::saint paul,tag,saint paul,113
1071,1071,tag::violins,tag,violins,113
347,347,culture::swedish,culture,swedish,112
642,642,tag::eros,tag,eros,112
750,750,tag::jainism,tag,jainism,112
273,273,culture::nuremberg,culture,nuremberg,111
468,468,tag::beds,tag,beds,111
681,681,tag::frogs,tag,frogs,111
808,808,tag::mary magdalene,tag,mary magdalene,111
516,516,tag::cannons,tag,cannons,110
907,907,tag::purses,tag,purses,110
1065,1065,tag::vestments,tag,vestments,110
192,192,culture::italic,culture,italic,108
649,649,tag::facades,tag,facades,108
882,882,tag::pilasters,tag,pilasters,107
55,55,culture::brussels,culture,brussels,106
422,422,tag::annunciation,tag,annunciation,106
479,479,tag::boars,tag,boars,106
861,861,tag::painting,tag,painting,106
459,459,tag::bathing,tag,bathing,104
685,685,tag::furniture,tag,furniture,104
1018,1018,tag::swans,tag,swans,104
662,662,tag::feet,tag,feet,103
755,755,tag::jockeys,tag,jockeys,103
771,771,tag::lakes,tag,lakes,103
502,502,tag::buildings and structures,tag,buildings and structures,102
1,1,culture::achaemenid,culture,achaemenid,100
1066,1066,tag::vests,tag,vests,100
546,546,tag::circles,tag,circles,99
674,674,tag::food,tag,food,99
540,540,tag::chinoiserie,tag,chinoiserie,98
1024,1024,tag::taoism,tag,taoism,98
234,234,culture::milan,culture,milan,97
529,529,tag::centaurs,tag,centaurs,97
823,823,tag::monks,tag,monks,97
960,960,tag::scrolls,tag,scrolls,97
966,966,tag::self-portraits,tag,self-portraits,97
967,967,tag::serpents,tag,serpents,97
287,287,culture::peruvian,culture,peruvian,96
939,939,tag::saint jerome,tag,saint jerome,96
959,959,tag::screens,tag,screens,96
995,995,tag::spectators,tag,spectators,96
185,185,culture::irish,culture,irish,95
400,400,tag::abstraction,tag,abstraction,95
505,505,tag::burials,tag,burials,95
1025,1025,tag::tapestries,tag,tapestries,95
1051,1051,tag::trumpets,tag,trumpets,95
135,135,culture::for british market,culture,for british market,94
860,860,tag::owls,tag,owls,94
866,866,tag::parks,tag,parks,94
921,921,tag::riding,tag,riding,94
138,138,culture::for european market,culture,for european market,93
253,253,culture::nasca,culture,nasca,93
285,285,culture::parthian,culture,parthian,93
645,645,tag::eve,tag,eve,93
693,693,tag::generals,tag,generals,93
536,536,tag::chests,tag,chests,92
585,585,tag::curtains,tag,curtains,92
898,898,tag::princes,tag,princes,92
1080,1080,tag::watches,tag,watches,92
409,409,tag::adoration of the magi,tag,adoration of the magi,91
763,763,tag::keys,tag,keys,91
316,316,culture::scandinavian,culture,scandinavian,90
608,608,tag::diana,tag,diana,90
664,664,tag::fire,tag,fire,90
406,406,tag::adam,tag,adam,89
175,175,culture::hungarian,culture,hungarian,88
679,679,tag::foxes,tag,foxes,88
761,761,tag::jupiter,tag,jupiter,88
850,850,tag::obelisks,tag,obelisks,88
653,653,tag::falcons,tag,falcons,87
661,661,tag::feathers,tag,feathers,87
941,941,tag::saint john the evangelist,tag,saint john the evangelist,87
449,449,tag::bacchus,tag,bacchus,86
537,537,tag::chickens,tag,chickens,86
838,838,tag::nativity,tag,nativity,86
567,567,tag::corsets,tag,corsets,85
714,714,tag::harps,tag,harps,85
1055,1055,tag::turtles,tag,turtles,85
1101,1101,tag::zigzag pattern,tag,zigzag pattern,85
556,556,tag::coffeepots,tag,coffeepots,84
1015,1015,tag::sun,tag,sun,83
43,43,culture::birmingham,culture,birmingham,82
258,258,culture::nepal,culture,nepal,82
307,307,culture::rouen,culture,rouen,81
334,334,culture::southern german,culture,southern german,81
457,457,tag::baseball,tag,baseball,81
513,513,tag::candelabra,tag,candelabra,81
936,936,tag::saint catherine,tag,saint catherine,81
1010,1010,tag::stripes,tag,stripes,81
105,105,culture::delft,culture,delft,80
512,512,tag::canals,tag,canals,80
874,874,tag::peonies,tag,peonies,80
885,885,tag::pitchers,tag,pitchers,80
466,466,tag::bears,tag,bears,79
478,478,tag::bishops,tag,bishops,79
804,804,tag::maps,tag,maps,79
836,836,tag::mythology,tag,mythology,79
867,867,tag::parrots,tag,parrots,79
942,942,tag::saint joseph,tag,saint joseph,79
1036,1036,tag::theatre,tag,theatre,79
596,596,tag::decorative designs,tag,decorative designs,78
846,846,tag::night,tag,night,78
1077,1077,tag::walking,tag,walking,78
368,368,culture::turkish,culture,turkish,77
453,453,tag::balconies,tag,balconies,77
875,875,tag::percussion instruments,tag,percussion instruments,77
920,920,tag::reliquaries,tag,reliquaries,77
226,226,culture::maya,culture,maya,76
461,461,tag::bats,tag,bats,76
815,815,tag::mercury,tag,mercury,76
458,458,tag::basins,tag,basins,75
588,588,tag::daily life,tag,daily life,75
60,60,culture::cambodia,culture,cambodia,74
824,824,tag::monsters,tag,monsters,74
702,702,tag::goblets,tag,goblets,73
32,32,culture::aztec,culture,aztec,72
65,65,culture::catalan,culture,catalan,72
102,102,culture::danish,culture,danish,72
486,486,tag::boots,tag,boots,72
1091,1091,tag::winter,tag,winter,72
61,61,culture::campanian,culture,campanian,71
232,232,culture::mezcala,culture,mezcala,71
275,275,culture::old assyrian trading colony,culture,old assyrian trading colony,71
410,410,tag::adoration of the sheperds,tag,adoration of the sheperds,71
613,613,tag::docks,tag,docks,71
521,521,tag::caryatids,tag,caryatids,70
528,528,tag::censers,tag,censers,70
816,816,tag::mice,tag,mice,70
155,155,culture::genoa,culture,genoa,69
191,191,culture::italian or spanish,culture,italian or spanish,69
618,618,tag::dolphins,tag,dolphins,69
735,735,tag::horus,tag,horus,69
842,842,tag::neptune,tag,neptune,69
390,390,culture::wari,culture,wari,68
463,463,tag::beaches,tag,beaches,68
700,700,tag::gloves,tag,gloves,68
1007,1007,tag::strapwork,tag,strapwork,68
1013,1013,tag::suits,tag,suits,68
565,565,tag::corpses,tag,corpses,67
648,648,tag::eyes,tag,eyes,67
795,795,tag::lutes,tag,lutes,67
879,879,tag::pianos,tag,pianos,67
965,965,tag::seating furniture,tag,seating furniture,67
1003,1003,tag::still life,tag,still life,67
373,373,culture::unknown,culture,unknown,66
437,437,tag::army,tag,army,66
444,444,tag::athena,tag,athena,66
710,710,tag::guitars,tag,guitars,66
881,881,tag::pigs,tag,pigs,66
905,905,tag::psyche,tag,psyche,66
906,906,tag::punishment,tag,punishment,66
1041,1041,tag::towns,tag,towns,66
1053,1053,tag::tunics,tag,tunics,66
964,964,tag::seascapes,tag,seascapes,65
968,968,tag::servants,tag,servants,65
154,154,culture::geneva,culture,geneva,64
345,345,culture::sumerian,culture,sumerian,64
769,769,tag::ladders,tag,ladders,64
895,895,tag::popes,tag,popes,64
914,914,tag::rain,tag,rain,64
1027,1027,tag::tea caddy,tag,tea caddy,64
210,210,culture::limoges,culture,limoges,63
248,248,culture::mycenaean,culture,mycenaean,63
338,338,culture::st. petersburg,culture,st. petersburg,63
439,439,tag::arrows,tag,arrows,63
611,611,tag::dionysus,tag,dionysus,63
696,696,tag::george washington,tag,george washington,63
218,218,culture::lyons,culture,lyons,62
564,564,tag::cornucopia,tag,cornucopia,62
827,827,tag::moses,tag,moses,62
1088,1088,tag::windmills,tag,windmills,62
1095,1095,tag::worshiping,tag,worshiping,62
96,96,culture::crete,culture,crete,61
294,294,culture::portuguese,culture,portuguese,61
557,557,tag::coffins,tag,coffins,61
610,610,tag::dining,tag,dining,61
956,956,tag::scarves,tag,scarves,61
113,113,culture::east greek,culture,east greek,60
289,289,culture::philippine,culture,philippine,60
351,351,culture::tarentine,culture,tarentine,60
767,767,tag::krishna,tag,krishna,60
986,986,tag::sky,tag,sky,60
91,91,culture::corinthian,culture,corinthian,59
384,384,culture::vietnam,culture,vietnam,59
699,699,tag::globes,tag,globes,59
862,862,tag::paisley,tag,paisley,59
891,891,tag::poets,tag,poets,59
1002,1002,tag::stars,tag,stars,59
1047,1047,tag::triangles,tag,triangles,59
114,114,culture::east greek/sardis,culture,east greek/sardis,58
412,412,tag::alexander the great,tag,alexander the great,58
447,447,tag::avalokiteshvara,tag,avalokiteshvara,58
593,593,tag::david,tag,david,58
606,606,tag::diadems,tag,diadems,58
657,657,tag::farms,tag,farms,58
899,899,tag::princesses,tag,princesses,58
901,901,tag::prisoners,tag,prisoners,58
577,577,tag::crescents,tag,crescents,57
667,667,tag::fireworks,tag,fireworks,57
723,723,tag::hexagons,tag,hexagons,57
793,793,tag::love,tag,love,57
1044,1044,tag::transportation,tag,transportation,57
1050,1050,tag::trophies,tag,trophies,57
269,269,culture::northern italian,culture,northern italian,56
276,276,culture::olmec,culture,olmec,56
549,549,tag::civil war,tag,civil war,56
590,590,tag::dance,tag,dance,56
807,807,tag::mars,tag,mars,56
817,817,tag::military,tag,military,56
913,913,tag::railways,tag,railways,56
162,162,culture::greek islands,culture,greek islands,55
706,706,tag::greek deities,tag,greek deities,55
1005,1005,tag::storage furniture,tag,storage furniture,55
1054,1054,tag::tureens,tag,tureens,55
578,578,tag::crocodiles,tag,crocodiles,54
937,937,tag::saint francis,tag,saint francis,54
163,163,culture::greek or roman,culture,greek or roman,53
423,423,tag::aphrodite,tag,aphrodite,53
677,677,tag::fortification,tag,fortification,53
806,806,tag::markets,tag,markets,53
1073,1073,tag::vishnu,tag,vishnu,53
145,145,culture::frankish,culture,frankish,52
173,173,culture::hochst,culture,hochst,52
323,323,culture::sheffield,culture,sheffield,52
514,514,tag::candles,tag,candles,52
604,604,tag::desks,tag,desks,52
646,646,tag::evening,tag,evening,52
911,911,tag::qur'an,tag,qur'an,52
1004,1004,tag::stools,tag,stools,52
1078,1078,tag::wars,tag,wars,52
605,605,tag::devil,tag,devil,51
623,623,tag::doves,tag,doves,51
660,660,tag::fear,tag,fear,51
828,828,tag::mosques,tag,mosques,51
878,878,tag::pheasants,tag,pheasants,51
934,934,tag::saint anne,tag,saint anne,51
976,976,tag::shirts,tag,shirts,51
977,977,tag::shiva,tag,shiva,51
42,42,culture::berlin,culture,berlin,50
349,349,culture::syrian,culture,syrian,50
569,569,tag::couches,tag,couches,50
641,641,tag::entombment,tag,entombment,50
748,748,tag::isis,tag,isis,50
1006,1006,tag::storms,tag,storms,50
712,712,tag::hammers,tag,hammers,49
772,772,tag::lambs,tag,lambs,49
868,868,tag::party,tag,party,49
1057,1057,tag::uniforms,tag,uniforms,49
40,40,culture::beauvais,culture,beauvais,48
256,256,culture::neo-sumerian,culture,neo-sumerian,48
399,399,tag::abraham,tag,abraham,48
424,424,tag::apocalypse,tag,apocalypse,48
533,533,tag::chalices,tag,chalices,48
673,673,tag::fluting,tag,fluting,48
797,797,tag::maenads,tag,maenads,48
951,951,tag::sarcophagus,tag,sarcophagus,48
1043,1043,tag::trains,tag,trains,48
1063,1063,tag::vegetables,tag,vegetables,48
1086,1086,tag::wells,tag,wells,48
446,446,tag::autumn,tag,autumn,47
467,467,tag::bedrooms,tag,bedrooms,47
574,574,tag::crabs,tag,crabs,47
711,711,tag::hair,tag,hair,47
760,760,tag::juno,tag,juno,47
820,820,tag::minerva,tag,minerva,47
318,318,culture::scottish,culture,scottish,46
571,571,tag::courtyards,tag,courtyards,46
778,778,tag::last supper,tag,last supper,46
782,782,tag::leopards,tag,leopards,46
876,876,tag::performance,tag,performance,46
110,110,culture::dublin,culture,dublin,45
321,321,culture::seville,culture,seville,45
562,562,tag::contemplation,tag,contemplation,45
831,831,tag::muses,tag,muses,45
865,865,tag::pants,tag,pants,45
998,998,tag::spring,tag,spring,45
1049,1049,tag::triton,tag,triton,45
86,86,culture::colima,culture,colima,44
196,196,culture::jouy-en-josas,culture,jouy-en-josas,44
375,375,culture::urbino,culture,urbino,44
683,683,tag::funerals,tag,funerals,44
757,757,tag::judith,tag,judith,44
69,69,culture::central asia,culture,central asia,43
95,95,culture::cretan,culture,cretan,43
263,263,culture::north china,culture,north china,43
274,274,culture::nymphenburg,culture,nymphenburg,43
473,473,tag::bes,tag,bes,43
770,770,tag::ladles,tag,ladles,43
902,902,tag::prisons,tag,prisons,42
1026,1026,tag::taweret,tag,taweret,42
24,24,culture::atlantic watershed,culture,atlantic watershed,41
107,107,culture::deruta,culture,deruta,41
401,401,tag::acanthus,tag,acanthus,41
427,427,tag::apples,tag,apples,41
451,451,tag::bagpipes,tag,bagpipes,41
470,470,tag::belts,tag,belts,41
938,938,tag::saint george,tag,saint george,41
969,969,tag::shakespeare,tag,shakespeare,41
124,124,culture::etruria,culture,etruria,40
309,309,culture::saint-cloud,culture,saint-cloud,40
360,360,culture::tibetan,culture,tibetan,40
484,484,tag::body parts,tag,body parts,40
773,773,tag::lamentation,tag,lamentation,40
818,818,tag::military clothing,tag,military clothing,40
1074,1074,tag::volcanoes,tag,volcanoes,40
272,272,culture::norwegian,culture,norwegian,39
324,324,culture::sicily,culture,sicily,39
560,560,tag::commodes,tag,commodes,39
572,572,tag::coverlets and quilts,tag,coverlets and quilts,39
636,636,tag::egg and dart,tag,egg and dart,39
945,945,tag::saint matthew,tag,saint matthew,39
144,144,culture::frankenthal,culture,frankenthal,38
178,178,culture::ica,culture,ica,38
237,237,culture::mitanni,culture,mitanni,38
279,279,culture::padua,culture,padua,38
686,686,tag::gadrooning,tag,gadrooning,38
775,775,tag::landforms,tag,landforms,38
946,946,tag::saint michael,tag,saint michael,38
1000,1000,tag::squirrels,tag,squirrels,38
149,149,culture::french or italian,culture,french or italian,37
315,315,culture::saxony,culture,saxony,37
526,526,tag::caves,tag,caves,37
740,740,tag::illness,tag,illness,37
848,848,tag::nonrepresentational art,tag,nonrepresentational art,37
926,926,tag::roman deities,tag,roman deities,37
158,158,culture::ghassulian,culture,ghassulian,36
195,195,culture::javanese,culture,javanese,36
411,411,tag::air transports,tag,air transports,36
421,421,tag::anklet,tag,anklet,36
614,614,tag::doctors,tag,doctors,36
729,729,tag::historical figures,tag,historical figures,36
792,792,tag::louis xiv,tag,louis xiv,36
935,935,tag::saint anthony,tag,saint anthony,36
979,979,tag::sibyl,tag,sibyl,36
980,980,tag::silenus,tag,silenus,36
984,984,tag::skirts,tag,skirts,36
44,44,culture::boeotian,culture,boeotian,35
251,251,culture::nantes,culture,nantes,35
382,382,culture::versailles,culture,versailles,35
429,429,tag::archangel gabriel,tag,archangel gabriel,35
441,441,tag::artists,tag,artists,35
530,530,tag::ceremony,tag,ceremony,35
656,656,tag::farmers,tag,farmers,35
722,722,tag::hermes,tag,hermes,35
15,15,culture::amsterdam,culture,amsterdam,34
48,48,culture::bow,culture,bow,34
442,442,tag::assumption of the virgin,tag,assumption of the virgin,34
475,475,tag::bicycles,tag,bicycles,34
659,659,tag::fauns,tag,fauns,34
715,715,tag::hathor,tag,hathor,34
759,759,tag::julius caesar,tag,julius caesar,34
777,777,tag::last judgement,tag,last judgement,34
1070,1070,tag::violas,tag,violas,34
1075,1075,tag::vulcan,tag,vulcan,34
57,57,culture::burslem,culture,burslem,33
249,249,culture::nabataean,culture,nabataean,33
292,292,culture::polish,culture,polish,33
1082,1082,tag::watermills,tag,watermills,33
122,122,culture::elamite,culture,elamite,32
134,134,culture::for american market,culture,for american market,32
257,257,culture::neolithic,culture,neolithic,32
342,342,culture::strasbourg,culture,strasbourg,32
385,385,culture::villanovan,culture,villanovan,32
788,788,tag::lizards,tag,lizards,32
789,789,tag::lobsters,tag,lobsters,32
847,847,tag::nike,tag,nike,32
408,408,tag::adonis,tag,adonis,31
539,539,tag::chinese,tag,chinese,31
651,651,tag::factories,tag,factories,31
893,893,tag::pomegranates,tag,pomegranates,31
1102,1102,tag::zodiac,tag,zodiac,31
90,90,culture::copenhagen,culture,copenhagen,30
205,205,culture::lambayeque,culture,lambayeque,30
265,265,culture::north italian,culture,north italian,30
299,299,culture::ptolemaic,culture,ptolemaic,30
509,509,tag::calendars,tag,calendars,30
531,531,tag::ceres,tag,ceres,30
730,730,tag::holofernes,tag,holofernes,30
894,894,tag::ponds,tag,ponds,30
958,958,tag::scorpions,tag,scorpions,30
990,990,tag::snails,tag,snails,30
1100,1100,tag::zeus,tag,zeus,30
50,50,culture::bristol,culture,bristol,29
74,74,culture::chantilly,culture,chantilly,29
141,141,culture::for portuguese market,culture,for portuguese market,29
358,358,culture::thuringia,culture,thuringia,29
397,397,culture::zurich,culture,zurich,29
500,500,tag::buffalos,tag,buffalos,29
900,900,tag::prisms,tag,prisms,29
997,997,tag::sports,tag,sports,29
1014,1014,tag::summer,tag,summer,29
9,9,culture::akkadian,culture,akkadian,28
83,83,culture::chiriqui,culture,chiriqui,28
270,270,culture::northwest china,culture,northwest china,28
419,419,tag::anger,tag,anger,28
499,499,tag::buddhist religious figures,tag,buddhist religious figures,28
617,617,tag::dolls,tag,dolls,28
630,630,tag::drunkenness,tag,drunkenness,28
957,957,tag::schools,tag,schools,28
1042,1042,tag::toys,tag,toys,28
169,169,culture::hattian,culture,hattian,27
320,320,culture::seleucid,culture,seleucid,27
547,547,tag::circus,tag,circus,27
609,609,tag::dice,tag,dice,27
717,717,tag::hawks,tag,hawks,27
837,837,tag::napoleon i,tag,napoleon i,27
839,839,tag::navy,tag,navy,27
877,877,tag::perseus,tag,perseus,27
109,109,culture::dresden,culture,dresden,26
151,151,culture::fulda,culture,fulda,26
165,165,culture::gubbio,culture,gubbio,26
326,326,culture::silesia,culture,silesia,26
440,440,tag::artemis,tag,artemis,26
471,471,tag::benches,tag,benches,26
472,472,tag::benjamin franklin,tag,benjamin franklin,26
640,640,tag::emperor augustus,tag,emperor augustus,26
658,658,tag::fathers,tag,fathers,26
751,751,tag::jars,tag,jars,26
933,933,tag::sailors,tag,sailors,26
1016,1016,tag::sundials,tag,sundials,26
106,106,culture::derby,culture,derby,25
387,387,culture::vincennes,culture,vincennes,25
469,469,tag::bees,tag,bees,25
504,504,tag::burial grounds,tag,burial grounds,25
762,762,tag::kettles,tag,kettles,25
859,859,tag::orpheus,tag,orpheus,25
1079,1079,tag::washing,tag,washing,25
75,75,culture::chaumont-sur-loire,culture,chaumont-sur-loire,24
455,455,tag::baptism of christ,tag,baptism of christ,24
550,550,tag::cleopatra,tag,cleopatra,24
602,602,tag::deserts,tag,deserts,24
625,625,tag::drawing,tag,drawing,24
801,801,tag::mandolins,tag,mandolins,24
802,802,tag::manjushri,tag,manjushri,24
810,810,tag::massacres,tag,massacres,24
869,869,tag::peaches,tag,peaches,24
120,120,culture::egypt,culture,egypt,23
171,171,culture::hilt,culture,hilt,23
325,325,culture::siena,culture,siena,23
689,689,tag::gardeners,tag,gardeners,23
814,814,tag::merchants,tag,merchants,23
1008,1008,tag::street scene,tag,street scene,23
22,22,culture::asia minor,culture,asia minor,22
59,59,culture::calima,culture,calima,22
67,67,culture::caucasian,culture,caucasian,22
93,93,culture::costa rica,culture,costa rica,22
150,150,culture::french or swiss,culture,french or swiss,22
222,222,culture::madrid,culture,madrid,22
245,245,culture::mughal,culture,mughal,22
341,341,culture::stoke-on-trent,culture,stoke-on-trent,22
374,374,culture::urartian,culture,urartian,22
398,398,tag::abbies,tag,abbies,22
402,402,tag::acorns,tag,acorns,22
694,694,tag::genre scene,tag,genre scene,22
743,743,tag::inns,tag,inns,22
785,785,tag::literature,tag,literature,22
841,841,tag::necktie,tag,necktie,22
880,880,tag::pigeons,tag,pigeons,22
909,909,tag::pyramids,tag,pyramids,22
981,981,tag::singers,tag,singers,22
1067,1067,tag::victory,tag,victory,22
170,170,culture::helladic,culture,helladic,21
216,216,culture::ludwigsburg,culture,ludwigsburg,21
229,229,culture::mennecy,culture,mennecy,21
247,247,culture::munich,culture,munich,21
350,350,culture::tairona,culture,tairona,21
380,380,culture::veraguas,culture,veraguas,21
417,417,tag::ancient greek,tag,ancient greek,21
456,456,tag::barns,tag,barns,21
601,601,tag::descent from the cross,tag,descent from the cross,21
632,632,tag::durga,tag,durga,21
857,857,tag::organs,tag,organs,21
1011,1011,tag::students,tag,students,21
1029,1029,tag::teachers,tag,teachers,21
17,17,culture::antwerp,culture,antwerp,20
379,379,culture::veracruz,culture,veracruz,20
736,736,tag::hospitals,tag,hospitals,20
765,765,tag::kitchens,tag,kitchens,20
781,781,tag::leda,tag,leda,20
851,851,tag::occupations,tag,occupations,20
928,928,tag::rosaries,tag,rosaries,20
943,943,tag::saint lawrence,tag,saint lawrence,20
1028,1028,tag::tea drinking,tag,tea drinking,20
89,89,culture::colonial american,culture,colonial american,19
98,98,culture::cycladic,culture,cycladic,19
136,136,culture::for continental market,culture,for continental market,19
255,255,culture::nayarit,culture,nayarit,19
362,362,culture::tlatilco,culture,tlatilco,19
377,377,culture::valencia,culture,valencia,19
403,403,tag::acrobats,tag,acrobats,19
414,414,tag::amazons,tag,amazons,19
416,416,tag::amun,tag,amun,19
435,435,tag::ariadne,tag,ariadne,19
589,589,tag::daisies,tag,daisies,19
852,852,tag::octagons,tag,octagons,19
0,0,culture::abruzzi,culture,abruzzi,18
153,153,culture::gaul,culture,gaul,18
223,223,culture::malayan,culture,malayan,18
337,337,culture::sri lankan,culture,sri lankan,18
371,371,culture::umbria,culture,umbria,18
407,407,tag::admirals,tag,admirals,18
481,481,tag::bobbins,tag,bobbins,18
687,687,tag::galatea,tag,galatea,18
944,944,tag::saint mark,tag,saint mark,18
970,970,tag::shakyamuni,tag,shakyamuni,18
5,5,culture::after german,culture,after german,17
52,52,culture::british or french,culture,british or french,17
117,117,culture::eastern mediterranean or italian,culture,eastern mediterranean or italian,17
228,228,culture::meissen with german,culture,meissen with german,17
261,261,culture::nevers,culture,nevers,17
266,266,culture::north netherlandish,culture,north netherlandish,17
336,336,culture::spitalfields,culture,spitalfields,17
344,344,culture::sumatran,culture,sumatran,17
525,525,tag::cauldrons,tag,cauldrons,17
644,644,tag::europa,tag,europa,17
790,790,tag::lockets,tag,lockets,17
982,982,tag::singing,tag,singing,17
1021,1021,tag::tabernacles,tag,tabernacles,17
1090,1090,tag::wine,tag,wine,17
85,85,culture::chupicuaro,culture,chupicuaro,16
172,172,culture::hittite,culture,hittite,16
301,301,culture::quechua,culture,quechua,16
317,317,culture::sceaux,culture,sceaux,16
353,353,culture::teotihuacan,culture,teotihuacan,16
357,357,culture::thessaly,culture,thessaly,16
392,392,culture::western european,culture,western european,16
491,491,tag::boxing,tag,boxing,16
575,575,tag::cradles,tag,cradles,16
799,799,tag::maitreya,tag,maitreya,16
856,856,tag::opera,tag,opera,16
1087,1087,tag::wind,tag,wind,16
208,208,culture::leuven,culture,leuven,15
300,300,culture::qajar,culture,qajar,15
319,319,culture::scythian,culture,scythian,15
361,361,culture::tiwanaku,culture,tiwanaku,15
930,930,tag::rowing,tag,rowing,15
2,2,culture::aegean,culture,aegean,14
8,8,culture::after russian original,culture,after russian original,14
12,12,culture::alsace,culture,alsace,14
77,77,culture::chelsea-derby,culture,chelsea-derby,14
139,139,culture::for french market,culture,for french market,14
152,152,culture::furstenberg,culture,furstenberg,14
157,157,culture::german or swiss,culture,german or swiss,14
238,238,culture::mixtec,culture,mixtec,14
267,267,culture::northern european,culture,northern european,14
443,443,tag::astronomy,tag,astronomy,14
594,594,tag::dawn,tag,dawn,14
853,853,tag::octopus,tag,octopus,14
1076,1076,tag::wagons,tag,wagons,14
4,4,culture::after british,culture,after british,13
27,27,culture::augsburg decoration,culture,augsburg decoration,13
63,63,culture::canosan,culture,canosan,13
64,64,culture::castel durante,culture,castel durante,13
97,97,culture::cyclades,culture,cyclades,13
213,213,culture::london original,culture,london original,13
330,330,culture::south german,culture,south german,13
352,352,culture::teano,culture,teano,13
1048,1048,tag::tricorns,tag,tricorns,13
1052,1052,tag::tulips,tag,tulips,13
16,16,culture::ansbach,culture,ansbach,12
28,28,culture::augsburg original,culture,augsburg original,12
49,49,culture::brescia,culture,brescia,12
72,72,culture::central italian,culture,central italian,12
148,148,culture::french or german,culture,french or german,12
244,244,culture::moustiers,culture,moustiers,12
246,246,culture::muisca,culture,muisca,12
356,356,culture::the hague,culture,the hague,12
697,697,tag::gingham pattern,tag,gingham pattern,12
779,779,tag::law,tag,law,12
918,918,tag::religious events,tag,religious events,12
1094,1094,tag::world war i,tag,world war i,12
46,46,culture::bologna,culture,bologna,11
62,62,culture::canaanite,culture,canaanite,11
66,66,culture::catalonia,culture,catalonia,11
206,206,culture::lambeth,culture,lambeth,11
295,295,culture::potsdam,culture,potsdam,11
386,386,culture::villeroy,culture,villeroy,11
474,474,tag::bible,tag,bible,11
897,897,tag::poseidon,tag,poseidon,11
1031,1031,tag::telescopes,tag,telescopes,11
10,10,culture::alexandria-hadra,culture,alexandria-hadra,10
38,38,culture::bayreuth,culture,bayreuth,10
54,54,culture::brunswick,culture,brunswick,10
56,56,culture::burma,culture,burma,10
87,87,culture::colombian,culture,colombian,10
143,143,culture::for swedish market,culture,for swedish market,10
164,164,culture::guanacaste-nicoya,culture,guanacaste-nicoya,10
209,209,culture::lille,culture,lille,10
220,220,culture::macaracas,culture,macaracas,10
225,225,culture::manteno,culture,manteno,10
243,243,culture::moroccan,culture,moroccan,10
277,277,culture::orleans,culture,orleans,10
302,302,culture::remojadas,culture,remojadas,10
310,310,culture::salinar,culture,salinar,10
343,343,culture::sulawesi,culture,sulawesi,10
719,719,tag::hell,tag,hell,10
752,752,tag::jason,tag,jason,10
919,919,tag::religious texts,tag,religious texts,10
47,47,culture::bordeaux,culture,bordeaux,9
183,183,culture::inuit,culture,inuit,9
193,193,culture::italic-native,culture,italic-native,9
200,200,culture::kievan rus',culture,kievan rus',9
288,288,culture::pesaro,culture,pesaro,9
296,296,culture::praenestine,culture,praenestine,9
303,303,culture::rhenish,culture,rhenish,9
305,305,culture::roman egyptian,culture,roman egyptian,9
452,452,tag::bakers,tag,bakers,9
476,476,tag::billiards,tag,billiards,9
523,523,tag::cathedrals,tag,cathedrals,9
643,643,tag::esther,tag,esther,9
798,798,tag::magicians,tag,magicians,9
854,854,tag::old testament,tag,old testament,9
68,68,culture::caughley,culture,caughley,8
84,84,culture::chorrera,culture,chorrera,8
168,168,culture::hanau,culture,hanau,8
174,174,culture::huastec,culture,huastec,8
215,215,culture::lowestoft,culture,lowestoft,8
254,254,culture::naxos,culture,naxos,8
381,381,culture::verona,culture,verona,8
394,394,culture::wurzburg,culture,wurzburg,8
395,395,culture::zenu,culture,zenu,8
460,460,tag::bathsheba,tag,bathsheba,8
561,561,tag::concerts,tag,concerts,8
599,599,tag::deities,tag,deities,8
652,652,tag::fairies,tag,fairies,8
812,812,tag::medea,tag,medea,8
19,19,culture::arabian,culture,arabian,7
37,37,culture::bavaria,culture,bavaria,7
73,73,culture::chalcidian,culture,chalcidian,7
101,101,culture::czech,culture,czech,7
119,119,culture::edomite,culture,edomite,7
128,128,culture::european bronze age,culture,european bronze age,7
159,159,culture::gnathian,culture,gnathian,7
197,197,culture::kathmandu valley,culture,kathmandu valley,7
224,224,culture::mali,culture,mali,7
235,235,culture::mimbres,culture,mimbres,7
241,241,culture::montelupo,culture,montelupo,7
242,242,culture::moro,culture,moro,7
333,333,culture::southall,culture,southall,7
340,340,culture::stockholm,culture,stockholm,7
346,346,culture::surrey,culture,surrey,7
355,355,culture::thanjavur,culture,thanjavur,7
364,364,culture::tolita-tumaco,culture,tolita-tumaco,7
370,370,culture::ubaid,culture,ubaid,7
544,544,tag::christmas,tag,christmas,7
635,635,tag::easter,tag,easter,7
845,845,tag::new testament,tag,new testament,7
892,892,tag::polka-dot pattern,tag,polka-dot pattern,7
917,917,tag::rectangles,tag,rectangles,7
82,82,culture::chinese with french mounts,culture,chinese with french mounts,6
118,118,culture::edinburgh,culture,edinburgh,6
126,126,culture::euboean,culture,euboean,6
130,130,culture::ferrara,culture,ferrara,6
137,137,culture::for danish market,culture,for danish market,6
167,167,culture::haida,culture,haida,6
181,181,culture::indian or nepalese,culture,indian or nepalese,6
186,186,culture::isin-larsa,culture,isin-larsa,6
219,219,culture::macao,culture,macao,6
264,264,culture::north indian,culture,north indian,6
286,286,culture::parthian or sasanian,culture,parthian or sasanian,6
311,311,culture::salzburg,culture,salzburg,6
314,314,culture::savoy,culture,savoy,6
363,363,culture::tlingit,culture,tlingit,6
388,388,culture::visigothic,culture,visigothic,6
391,391,culture::west slavic,culture,west slavic,6
527,527,tag::celestial bodies,tag,celestial bodies,6
843,843,tag::nero,tag,nero,6
883,883,tag::pinecones,tag,pinecones,6
21,21,culture::arica,culture,arica,5
30,30,culture::avignon,culture,avignon,5
31,31,culture::avon,culture,avon,5
80,80,culture::chinese with dutch decoration,culture,chinese with dutch decoration,5
115,115,culture::eastern european,culture,eastern european,5
207,207,culture::langobardic,culture,langobardic,5
211,211,culture::liverpool,culture,liverpool,5
268,268,culture::northern india,culture,northern india,5
297,297,culture::proto-elamite,culture,proto-elamite,5
298,298,culture::provincial,culture,provincial,5
365,365,culture::topara,culture,topara,5
431,431,tag::architects,tag,architects,5
873,873,tag::pentecost,tag,pentecost,5
1060,1060,tag::vajrapani,tag,vajrapani,5
6,6,culture::after german original,culture,after german original,4
20,20,culture::aragon,culture,aragon,4
34,34,culture::babylonian or kassite,culture,babylonian or kassite,4
88,88,culture::colonial,culture,colonial,4
92,92,culture::coromandel coast,culture,coromandel coast,4
103,103,culture::deccan,culture,deccan,4
129,129,culture::faliscan,culture,faliscan,4
132,132,culture::flemish or italian,culture,flemish or italian,4
166,166,culture::gurkha,culture,gurkha,4
176,176,culture::hungary,culture,hungary,4
177,177,culture::huron,culture,huron,4
214,214,culture::longton hall,culture,longton hall,4
233,233,culture::michoacan,culture,michoacan,4
260,260,culture::neuwied am rhein,culture,neuwied am rhein,4
278,278,culture::ottonian,culture,ottonian,4
284,284,culture::parita,culture,parita,4
290,290,culture::phrygian,culture,phrygian,4
291,291,culture::piedmont,culture,piedmont,4
327,327,culture::sinceny,culture,sinceny,4
367,367,culture::turin,culture,turin,4
787,787,tag::living rooms,tag,living rooms,4
855,855,tag::olive trees,tag,olive trees,4
3,3,culture::afghan,culture,afghan,3
7,7,culture::after italian,culture,after italian,3
36,36,culture::balinese,culture,balinese,3
39,39,culture::beautiran,culture,beautiran,3
53,53,culture::british or scottish,culture,british or scottish,3
94,94,culture::costa rica or panama,culture,costa rica or panama,3
100,100,culture::cypriot or phoenician,culture,cypriot or phoenician,3
123,123,culture::england,culture,england,3
140,140,culture::for iberian market,culture,for iberian market,3
160,160,culture::gonia,culture,gonia,3
190,190,culture::italian or sicilian,culture,italian or sicilian,3
198,198,culture::kazakhstan,culture,kazakhstan,3
203,203,culture::la rochelle,culture,la rochelle,3
250,250,culture::nailsea,culture,nailsea,3
329,329,culture::smyrna,culture,smyrna,3
372,372,culture::united states,culture,united states,3
376,376,culture::urbino with gubbio luster,culture,urbino with gubbio luster,3
727,727,tag::hindu religious figures,tag,hindu religious figures,3
1017,1017,tag::sunflowers,tag,sunflowers,3
71,71,culture::central highlands,culture,central highlands,2
108,108,culture::devonshire,culture,devonshire,2
142,142,culture::for russian market,culture,for russian market,2
187,187,culture::isin-larsaold babylonian,culture,isin-larsaold babylonian,2
201,201,culture::konigsberg,culture,konigsberg,2
240,240,culture::moche-wari,culture,moche-wari,2
271,271,culture::northwest china/eastern central asia,culture,northwest china/eastern central asia,2
312,312,culture::san sabastian,culture,san sabastian,2
389,389,culture::vulci,culture,vulci,2
904,904,tag::prostitutes,tag,prostitutes,2
987,987,tag::slavery,tag,slavery,2
11,11,culture::algerian,culture,algerian,1
81,81,culture::chinese with european decoration,culture,chinese with european decoration,1
104,104,culture::dehua,culture,dehua,1
112,112,culture::dyak,culture,dyak,1
146,146,culture::freiburg im breisgau,culture,freiburg im breisgau,1
199,199,culture::kholmogory,culture,kholmogory,1
221,221,culture::macedonian,culture,macedonian,1
230,230,culture::mennecy or sceaux,culture,mennecy or sceaux,1
262,262,culture::nimes,culture,nimes,1
281,281,culture::palermo,culture,palermo,1
293,293,culture::populonia,culture,populonia,1
328,328,culture::skyros,culture,skyros,1
366,366,culture::tsimshian,culture,tsimshian,1
396,396,culture::zoroastrian,culture,zoroastrian,1
805,805,tag::mark antony,tag,mark antony,1
